<?xml version="1.0" encoding="UTF-8"?>
<project-private xmlns="http://www.netbeans.org/ns/project-private/1">
    <data xmlns="http://www.netbeans.org/ns/make-project-private/1">
        <activeConfTypeElem>1</activeConfTypeElem>
        <activeConfIndexElem>0</activeConfIndexElem>
    </data>
    <editor-bookmarks xmlns="http://www.netbeans.org/ns/editor-bookmarks/2" lastBookmarkId="0"/>
    <open-files xmlns="http://www.netbeans.org/ns/projectui-open-files/2">
        <group>
            <file>file:/D:/Eng_Informática/Programação%20Orientada%20a%20Objetos/TrabPratico_Empire/Empire/DronesMilitares.cpp</file>
            <file>file:/D:/Eng_Informática/Programação%20Orientada%20a%20Objetos/TrabPratico_Empire/Empire/Montanha.cpp</file>
            <file>file:/D:/Eng_Informática/Programação%20Orientada%20a%20Objetos/TrabPratico_Empire/Empire/Inicial.cpp</file>
            <file>file:/D:/Eng_Informática/Programação%20Orientada%20a%20Objetos/TrabPratico_Empire/Empire/Territorio.cpp</file>
            <file>file:/D:/Eng_Informática/Programação%20Orientada%20a%20Objetos/TrabPratico_Empire/Empire/Alianca.h</file>
            <file>file:/D:/Eng_Informática/Programação%20Orientada%20a%20Objetos/TrabPratico_Empire/Empire/Mina.cpp</file>
            <file>file:/D:/Eng_Informática/Programação%20Orientada%20a%20Objetos/TrabPratico_Empire/Empire/Refugio.cpp</file>
            <file>file:/D:/Eng_Informática/Programação%20Orientada%20a%20Objetos/TrabPratico_Empire/Empire/BancoCentral.cpp</file>
            <file>file:/D:/Eng_Informática/Programação%20Orientada%20a%20Objetos/TrabPratico_Empire/Empire/Ilha.cpp</file>
            <file>file:/D:/Eng_Informática/Programação%20Orientada%20a%20Objetos/TrabPratico_Empire/Empire/Evento.cpp</file>
            <file>file:/D:/Eng_Informática/Programação%20Orientada%20a%20Objetos/TrabPratico_Empire/Empire/Jogo.cpp</file>
            <file>file:/D:/Eng_Informática/Programação%20Orientada%20a%20Objetos/TrabPratico_Empire/Empire/Mundo.h</file>
            <file>file:/D:/Eng_Informática/Programação%20Orientada%20a%20Objetos/TrabPratico_Empire/Empire/Abandonado.cpp</file>
            <file>file:/D:/Eng_Informática/Programação%20Orientada%20a%20Objetos/TrabPratico_Empire/Empire/Imperio.h</file>
            <file>file:/D:/Eng_Informática/Programação%20Orientada%20a%20Objetos/TrabPratico_Empire/Empire/BolsaValores.cpp</file>
            <file>file:/D:/Eng_Informática/Programação%20Orientada%20a%20Objetos/TrabPratico_Empire/Empire/Fortaleza.cpp</file>
            <file>file:/D:/Eng_Informática/Programação%20Orientada%20a%20Objetos/TrabPratico_Empire/Empire/Evento.h</file>
            <file>file:/D:/Eng_Informática/Programação%20Orientada%20a%20Objetos/TrabPratico_Empire/Empire/main.cpp</file>
            <file>file:/D:/Eng_Informática/Programação%20Orientada%20a%20Objetos/TrabPratico_Empire/Empire/Continente.cpp</file>
            <file>file:/D:/Eng_Informática/Programação%20Orientada%20a%20Objetos/TrabPratico_Empire/Empire/Pescaria.cpp</file>
            <file>file:/D:/Eng_Informática/Programação%20Orientada%20a%20Objetos/TrabPratico_Empire/Empire/Territorio.h</file>
            <file>file:/D:/Eng_Informática/Programação%20Orientada%20a%20Objetos/TrabPratico_Empire/Empire/Alianca.cpp</file>
            <file>file:/D:/Eng_Informática/Programação%20Orientada%20a%20Objetos/TrabPratico_Empire/Empire/Imperio.cpp</file>
            <file>file:/D:/Eng_Informática/Programação%20Orientada%20a%20Objetos/TrabPratico_Empire/Empire/Planicie.cpp</file>
            <file>file:/D:/Eng_Informática/Programação%20Orientada%20a%20Objetos/TrabPratico_Empire/Empire/Castelo.cpp</file>
            <file>file:/D:/Eng_Informática/Programação%20Orientada%20a%20Objetos/TrabPratico_Empire/Empire/Tecnologia.cpp</file>
            <file>file:/D:/Eng_Informática/Programação%20Orientada%20a%20Objetos/TrabPratico_Empire/Empire/Tecnologia.h</file>
            <file>file:/D:/Eng_Informática/Programação%20Orientada%20a%20Objetos/TrabPratico_Empire/Empire/Abandonado.h</file>
            <file>file:/D:/Eng_Informática/Programação%20Orientada%20a%20Objetos/TrabPratico_Empire/Empire/Snapshot.cpp</file>
            <file>file:/D:/Eng_Informática/Programação%20Orientada%20a%20Objetos/TrabPratico_Empire/Empire/Invasao.cpp</file>
            <file>file:/D:/Eng_Informática/Programação%20Orientada%20a%20Objetos/TrabPratico_Empire/Empire/Mundo.cpp</file>
            <file>file:/D:/Eng_Informática/Programação%20Orientada%20a%20Objetos/TrabPratico_Empire/Empire/Jogo.h</file>
            <file>file:/D:/Eng_Informática/Programação%20Orientada%20a%20Objetos/TrabPratico_Empire/Empire/Duna.cpp</file>
            <file>file:/D:/Eng_Informática/Programação%20Orientada%20a%20Objetos/TrabPratico_Empire/Empire/MisseisTeleguiados.cpp</file>
            <file>file:/D:/Eng_Informática/Programação%20Orientada%20a%20Objetos/TrabPratico_Empire/Empire/Inicial.h</file>
        </group>
    </open-files>
</project-private>
